{"cameraMode":{"drawMode":0,"name":"Shaded","section":"Shading Mode"},"sceneLighting":true,"audioPlay":false,"sceneViewState":{"m_AlwaysRefresh":false,"showFog":true,"showSkybox":true,"showFlares":true,"showImageEffects":true,"showParticleSystems":true,"showVisualEffectGraphs":true,"m_FxEnabled":true},"in2DMode":false,"pivot":{"x":0.34104877710342409,"y":-7.858552932739258,"z":-0.17159682512283326},"rotation":{"x":0.7102798819541931,"y":0.0010559585643932224,"z":-0.001065489836037159,"w":0.7039161920547485},"size":18.162302017211915,"orthographic":true}